,riskAllele,beta
0,rs660240-T,0.0407522 unit decrease
1,rs668948-G,0.0596676 unit decrease
2,rs146534110-T,0.148371 unit increase
3,rs117733303-G,0.341533 unit increase
4,rs118039278-A,0.276321 unit increase
5,rs73596816-A,0.13941 unit increase
6,rs115478735-T,0.0555015 unit increase
7,rs1532085-A,0.0984173 unit increase
8,rs1077835-G,0.110598 unit increase
9,rs821840-G,0.0858703 unit decrease
10,rs1801689-C,0.149312 unit increase
11,rs1065853-T,0.0719176 unit decrease
12,rs73307905-C,0.0573325 unit increase
13,rs738408-T,0.0484654 unit increase
14,rs2070895-A,0.100215 unit decrease
15,rs12446515-T,0.0971008 unit decrease
16,rs77960347-G,0.149067 unit increase
17,rs4939883-T,0.0433111 unit decrease
18,rs55997232-T,0.0747034 unit decrease
19,rs58542926-T,0.0725835 unit decrease
20,rs1065853-T,0.131115 unit decrease
21,rs416867-A,0.0355194 unit increase
22,rs6065908-T,0.0838577 unit increase
23,rs11591147-T,0.161655 unit decrease
24,rs1367117-A,0.0320383 unit increase
25,rs4245791-C,0.0335303 unit increase
26,rs13354746-T,0.042748 unit increase
27,rs1461729-A,0.0647248 unit decrease
28,rs1441754-A,0.0405419 unit increase
29,rs115478735-T,0.0767194 unit increase
30,rs76970536-A,0.059934 unit increase
31,rs61983884-C,0.0323641 unit increase
32,rs139974673-C,0.106524 unit decrease
33,rs2043082-A,0.0706601 unit decrease
34,rs964184-G,0.0780055 unit decrease
35,rs45617141-G,0.150418 unit decrease
36,rs2043085-T,0.0899152 unit decrease
37,rs2070895-A,0.121244 unit decrease
38,rs11645958-T,0.0400846 unit increase
39,rs77960347-G,0.131964 unit increase
40,rs4939883-T,0.0411029 unit decrease
41,rs55997232-T,0.0686069 unit decrease
42,rs1065853-T,0.250057 unit decrease
43,rs103294-T,0.0391582 unit increase
44,rs4814176-T,0.0306662 unit decrease
45,rs6073958-C,0.051838 unit decrease
46,rs11591147-T,0.14305 unit decrease
47,rs4846917-T,0.0382456 unit decrease
48,rs588245-A,0.0383564 unit increase
49,rs1820164-C,0.0381931 unit increase
50,rs9987289-A,0.0673082 unit decrease
51,rs15285-T,0.0454575 unit increase
52,rs2519093-T,0.0511255 unit increase
53,rs102275-C,0.103862 unit decrease
54,rs1318175-T,0.154405 unit increase
55,rs12898210-G,0.0891786 unit increase
56,rs1601933-T,0.163646 unit increase
57,rs11632618-A,0.18721 unit decrease
58,rs80236739-G,0.0797094 unit increase
59,rs3764261-A,0.0811542 unit decrease
60,rs55714927-T,0.0435472 unit decrease
61,rs77960347-G,0.198114 unit decrease
62,rs7241918-G,0.0518454 unit increase
63,rs8101801-A,0.0787193 unit increase
64,rs144439590-T,0.0945263 unit decrease
65,rs7412-T,0.308771 unit decrease
66,rs12976395-G,0.0562784 unit increase
67,rs1057208-T,0.161311 unit increase
68,rs2489835-T,0.0527053 unit increase
69,rs602633-T,0.0486341 unit decrease
70,rs5082-G,0.0348518 unit decrease
71,rs2090034-A,0.0281046 unit increase
72,rs62433138-C,0.0302602 unit increase
73,rs12534274-A,0.0317642 unit decrease
74,rs2519093-T,0.037962 unit increase
75,rs3741298-C,0.058902 unit decrease
76,rs9738226-A,0.0369599 unit decrease
77,rs10773112-C,0.032035 unit increase
78,rs635634-T,0.0556414 unit increase
79,rs56776911-A,0.0291517 unit decrease
80,rs600518-T,0.0548694 unit decrease
81,rs613808-A,0.0704036 unit increase
82,rs174418-T,0.0569139 unit decrease
83,rs2070895-A,0.0883836 unit decrease
84,rs7499892-T,0.0647925 unit decrease
85,rs55714927-T,0.0523447 unit decrease
86,rs72836561-T,0.0849652 unit decrease
87,rs77960347-G,0.190067 unit increase
88,rs4939883-T,0.0623775 unit decrease
89,rs58542926-T,0.0743357 unit decrease
90,rs1065853-T,0.0744596 unit decrease
91,rs58952297-T,0.175018 unit increase
92,rs10889335-G,0.0394088 unit decrease
93,rs36209093-C,0.0379538 unit decrease
94,rs267734-C,0.0451154 unit increase
95,rs4656292-A,0.0500495 unit decrease
96,rs1260326-T,0.0883888 unit increase
97,rs13108218-A,0.0366417 unit increase
98,rs9270000-A,0.0352573 unit increase
99,rs34594435-T,0.0422237 unit decrease
100,rs4841132-A,0.111474 unit decrease
101,rs17489373-A,0.0551874 unit increase
102,rs112875651-A,0.0391315 unit decrease
103,rs12976395-G,0.0340898 unit increase
104,rs2618566-G,0.0344923 unit increase
105,rs2281298-A,0.0396576 unit increase
106,rs7578326-G,0.031007 unit increase
107,rs13358429-A,0.0345471 unit increase
108,rs3129774-T,0.0370589 unit decrease
109,rs146534110-T,0.123412 unit increase
110,rs117733303-G,0.257062 unit increase
111,rs10455872-G,0.216304 unit increase
112,rs73596816-A,0.109822 unit increase
113,rs9769088-C,0.0351382 unit decrease
114,rs3812316-G,0.0805706 unit increase
115,rs325-C,0.0615167 unit increase
116,rs2519093-T,0.0846791 unit increase
117,rs10822163-G,0.0302045 unit increase
118,rs174537-T,0.0371136 unit decrease
119,rs964184-G,0.0760474 unit decrease
120,rs7134638-A,0.0512299 unit increase
121,rs28929474-T,0.112967 unit increase
122,rs261265-A,0.0312334 unit increase
123,rs1532085-A,0.116471 unit increase
124,rs1077835-G,0.140097 unit increase
125,rs12446515-T,0.150423 unit decrease
126,rs75911530-A,0.106273 unit increase
127,rs1801689-C,0.15432 unit increase
128,rs77542162-G,0.177671 unit increase
129,rs12151108-A,0.100222 unit decrease
130,rs1065853-T,0.190448 unit decrease
131,rs11591147-T,0.240473 unit decrease
132,rs602633-T,0.0536217 unit decrease
133,rs934197-A,0.0595498 unit increase
134,rs1260326-T,0.0532038 unit decrease
135,rs4614977-G,0.0615361 unit decrease
136,rs77960347-G,0.194144 unit decrease
137,rs2156552-A,0.0497163 unit increase
138,rs116843064-A,0.196701 unit increase
139,rs118147862-A,0.347643 unit decrease
140,rs41289512-G,0.13555 unit increase
141,rs111784051-G,0.415677 unit decrease
142,rs1128249-T,0.0327346 unit increase
143,rs895893-C,0.0407234 unit increase
144,rs2035403-G,0.0373871 unit decrease
145,rs116009877-A,0.0646105 unit decrease
146,rs117733303-G,0.146142 unit increase
147,rs10455872-G,0.11048 unit increase
148,rs12212146-C,0.0620802 unit decrease
149,rs4722551-C,0.0424399 unit increase
150,rs17145750-T,0.070455 unit increase
151,rs76453951-T,0.0592083 unit decrease
152,rs7460653-C,0.046106 unit decrease
153,rs79236614-G,0.158031 unit increase
154,rs2980888-T,0.0672894 unit decrease
155,rs3860846-T,0.0350729 unit decrease
156,rs174580-G,0.043158 unit decrease
157,rs964184-G,0.172982 unit decrease
158,rs633389-T,0.120745 unit decrease
159,rs141469619-G,0.250945 unit decrease
160,rs139974673-C,0.158722 unit decrease
161,rs1560390-C,0.0683578 unit increase
162,rs10468017-T,0.155543 unit decrease
163,rs488490-C,0.155917 unit decrease
164,rs1037117-A,0.0386386 unit decrease
165,rs56156922-C,0.0649063 unit increase
166,rs72836561-T,0.0841888 unit decrease
167,rs1168041-T,0.0883123 unit increase
168,rs12740374-T,0.0711223 unit decrease
169,rs4665710-A,0.0518926 unit increase
170,rs1260326-T,0.057605 unit decrease
171,rs11591147-T,0.303386 unit decrease
172,rs472495-G,0.0330927 unit decrease
173,rs11206517-G,0.0892041 unit increase
174,rs12740374-T,0.119963 unit decrease
175,rs514230-A,0.0320228 unit decrease
176,rs693-G,0.0838644 unit decrease
177,rs4665972-T,0.0462887 unit increase
178,rs4299376-G,0.0470762 unit increase
179,rs12916-C,0.0561745 unit increase
180,rs6882345-G,0.042832 unit decrease
181,rs115740542-C,0.06459 unit decrease
182,rs11755689-G,0.041603 unit increase
183,rs8191852-G,0.0333862 unit decrease
184,rs6938647-A,0.0353692 unit increase
185,rs1461729-A,0.0554286 unit decrease
186,rs112875651-A,0.0639019 unit decrease
187,rs115478735-T,0.0582009 unit increase
188,rs174541-C,0.0351972 unit decrease
189,rs3794695-T,0.0489014 unit increase
190,rs55714927-T,0.0451896 unit decrease
191,rs9894905-T,0.0316169 unit increase
192,rs77542162-G,0.102381 unit increase
193,rs12151108-A,0.140646 unit decrease
194,rs58542926-T,0.109156 unit decrease
195,rs28550459-A,0.0969844 unit decrease
196,rs118147862-A,0.399773 unit decrease
197,rs41289512-G,0.114708 unit increase
198,rs117310449-T,0.196608 unit increase
199,rs1160983-A,0.423747 unit decrease
200,rs6073958-C,0.0631984 unit increase
201,rs11591147-T,0.275495 unit decrease
202,rs472495-G,0.0307021 unit decrease
203,rs11206517-G,0.0860871 unit increase
204,rs7534572-C,0.0325712 unit decrease
205,rs12740374-T,0.110941 unit decrease
206,rs514230-A,0.0312943 unit decrease
207,rs693-G,0.0803383 unit decrease
208,rs4665972-T,0.0563365 unit increase
209,rs4299376-G,0.0435007 unit increase
210,rs59950280-A,0.0319249 unit increase
211,rs12916-C,0.0514635 unit increase
212,rs6882345-G,0.0382707 unit decrease
213,rs115740542-C,0.0626577 unit decrease
214,rs11755689-G,0.0413894 unit increase
215,rs2282141-T,0.0334672 unit decrease
216,rs1461729-A,0.0591634 unit decrease
217,rs112875651-A,0.0681396 unit decrease
218,rs115478735-T,0.0630905 unit increase
219,rs102275-C,0.0378299 unit decrease
220,rs964184-G,0.0753511 unit increase
221,rs4307732-A,0.0585404 unit increase
222,rs11621792-T,0.0298043 unit increase
223,rs12446515-T,0.0405692 unit decrease
224,rs964184-G,0.0693141 unit increase
225,rs4307732-A,0.058864 unit increase
226,rs12446515-T,0.0341656 unit decrease
227,rs34042070-G,0.0494379 unit increase
228,rs55714927-T,0.0422054 unit decrease
229,rs56325564-A,0.0324122 unit increase
230,rs77542162-G,0.118256 unit increase
231,rs73013176-C,0.152599 unit decrease
232,rs12151108-A,0.152586 unit decrease
233,rs58542926-T,0.109697 unit decrease
234,rs111278137-A,0.115136 unit decrease
235,rs62117160-A,0.34301 unit decrease
236,rs147711004-A,0.145762 unit increase
237,rs7254892-A,0.444508 unit decrease
238,rs118170342-C,0.1389 unit increase
239,rs1883711-C,0.109238 unit increase
240,rs4810479-C,0.0386244 unit increase
241,rs11591147-T,0.313709 unit decrease
242,rs472495-G,0.0341382 unit decrease
243,rs11206517-G,0.0897947 unit increase
244,rs12740374-T,0.114191 unit decrease
245,rs514230-A,0.0334759 unit decrease
246,rs562338-A,0.109432 unit decrease
247,rs780094-T,0.0339659 unit increase
248,rs4299376-G,0.0483564 unit increase
249,rs116734477-T,0.0725861 unit decrease
250,rs11749783-C,0.0559024 unit increase
251,rs6882345-G,0.0356704 unit decrease
252,rs7773004-A,0.0359897 unit decrease
253,rs140145058-G,0.0426639 unit increase
254,rs8191852-G,0.0318317 unit decrease
255,rs1461729-A,0.0734482 unit decrease
256,rs112875651-A,0.0502394 unit decrease
257,rs2740488-C,0.0365436 unit decrease
258,rs115478735-T,0.0640986 unit increase
259,rs102275-C,0.0615184 unit decrease
260,rs525028-G,0.0337801 unit increase
261,rs4307732-A,0.0545686 unit increase
262,rs261290-T,0.041297 unit increase
263,rs633695-G,0.0352169 unit increase
264,rs3794695-T,0.043787 unit increase
265,rs55714927-T,0.0375587 unit decrease
266,rs56325564-A,0.031111 unit increase
267,rs77542162-G,0.126923 unit increase
268,rs73013176-C,0.14453 unit decrease
269,rs12151108-A,0.14898 unit decrease
270,rs58542926-T,0.0938924 unit decrease
271,rs111278137-A,0.118183 unit decrease
272,rs62117160-A,0.345039 unit decrease
273,rs147711004-A,0.14624 unit increase
274,rs7254892-A,0.461003 unit decrease
275,rs118170342-C,0.126178 unit increase
276,rs1883711-C,0.0975364 unit increase
277,rs11591147-T,0.32402 unit decrease
278,rs472495-G,0.0356724 unit decrease
279,rs11206517-G,0.0945261 unit increase
280,rs7534572-C,0.0376209 unit decrease
281,rs12740374-T,0.106571 unit decrease
282,rs822928-A,0.0324831 unit decrease
283,rs693-G,0.0941897 unit decrease
284,rs60403635-C,0.0759523 unit decrease
285,rs4299376-G,0.0496274 unit increase
286,rs12916-C,0.0608777 unit increase
287,rs6882345-G,0.0477626 unit decrease
288,rs72848251-A,0.0520971 unit increase
289,rs3798167-T,0.0452061 unit decrease
290,rs2737263-T,0.0332081 unit decrease
291,rs112875651-A,0.056305 unit decrease
292,rs115478735-T,0.0654814 unit increase
293,rs102275-C,0.047334 unit decrease
294,rs964184-G,0.0570841 unit increase
295,rs12804228-G,0.0582918 unit increase
296,rs261290-T,0.0437803 unit increase
297,rs633695-G,0.0323232 unit increase
298,rs821840-G,0.0630072 unit decrease
299,rs34042070-G,0.0474179 unit increase
300,rs56325564-A,0.0308242 unit increase
301,rs77542162-G,0.155953 unit increase
302,rs72631343-G,0.0466252 unit decrease
303,rs73013176-C,0.170205 unit decrease
304,rs12151108-A,0.162959 unit decrease
305,rs79915079-A,0.0909309 unit decrease
306,rs58542926-T,0.106845 unit decrease
307,rs28550459-A,0.0894624 unit decrease
308,rs11671606-T,0.0300864 unit increase
309,rs118147862-A,0.356533 unit decrease
310,rs147711004-A,0.102932 unit increase
311,rs117310449-T,0.205016 unit increase
312,rs61679753-A,0.361598 unit decrease
313,rs1883711-C,0.121348 unit increase
314,rs139974673-C,0.131325 unit decrease
315,rs1037116-T,0.0360925 unit decrease
316,rs183130-T,0.113754 unit decrease
317,rs75911530-A,0.0859624 unit increase
318,rs2925979-T,0.0318896 unit decrease
319,rs72836561-T,0.125771 unit decrease
320,rs1801689-C,0.113618 unit increase
321,rs77542162-G,0.200474 unit increase
322,rs12151108-A,0.135131 unit decrease
323,rs2569550-T,0.0337994 unit decrease
324,rs118147862-A,0.381807 unit decrease
325,rs41289512-G,0.123147 unit increase
326,rs1160983-A,0.416545 unit decrease
327,rs2618566-G,0.0344977 unit increase
328,rs3768321-T,0.0360795 unit decrease
329,rs11591147-T,0.193519 unit decrease
330,rs12740374-T,0.0711314 unit decrease
331,rs35913552-A,0.0492405 unit decrease
332,rs1260326-T,0.0401789 unit decrease
333,rs4299376-G,0.0371886 unit increase
334,rs10195252-C,0.0305572 unit increase
335,rs118147862-A,0.399845 unit decrease
336,rs147711004-A,0.127856 unit increase
337,rs7254892-A,0.422457 unit decrease
338,rs118170342-C,0.0820212 unit increase
339,rs116847251-A,0.0818978 unit decrease
340,rs6073958-C,0.0735795 unit decrease
341,rs2943654-C,0.0338394 unit increase
342,rs60695258-T,0.0311805 unit decrease
343,rs7703282-C,0.0414501 unit increase
344,rs1155207-G,0.0302165 unit increase
345,rs9266834-A,0.0553719 unit decrease
346,rs11751347-T,0.0623553 unit decrease
347,rs17145750-T,0.04884 unit increase
348,rs9987289-A,0.0881974 unit decrease
349,rs117026536-T,0.1087 unit increase
350,rs4871603-C,0.0504969 unit decrease
351,rs7024300-T,0.0990491 unit increase
352,rs13284054-C,0.0524823 unit decrease
353,rs11030026-A,0.0390492 unit decrease
354,rs10769255-T,0.0423933 unit increase
355,rs174580-G,0.0798922 unit decrease
356,rs964184-G,0.0879973 unit decrease
357,rs141469619-G,0.17092 unit decrease
358,rs147233090-T,0.144571 unit decrease
359,rs1532085-A,0.093238 unit decrease
360,rs2070895-A,0.0902182 unit decrease
361,rs11644601-C,0.0327618 unit increase
362,rs1529929-A,0.0286289 unit increase
363,rs3764261-A,0.100832 unit increase
364,rs4986970-T,0.0848328 unit decrease
365,rs77265569-T,0.0865868 unit decrease
366,rs11591147-T,0.311596 unit decrease
367,rs693668-G,0.032193 unit decrease
368,rs11206517-G,0.0795066 unit increase
369,rs7534572-C,0.0430613 unit increase
370,rs12740374-T,0.0810868 unit decrease
371,rs10221768-A,0.0769757 unit decrease
372,rs1260326-T,0.069315 unit decrease
373,rs4299376-G,0.0387669 unit increase
374,rs7578326-G,0.0352011 unit increase
375,rs13358429-A,0.04703 unit increase
376,rs9259970-A,0.0396882 unit increase
377,rs3129774-T,0.0375441 unit decrease
378,rs117733303-G,0.167553 unit increase
379,rs10455872-G,0.139987 unit increase
380,rs4722551-C,0.046182 unit increase
381,rs13234131-G,0.127977 unit increase
382,rs117199990-T,0.145663 unit increase
383,rs4336630-T,0.0326053 unit decrease
384,rs115478735-T,0.0756715 unit increase
385,rs10822145-T,0.0421061 unit increase
386,rs174581-A,0.0563723 unit decrease
387,rs12419237-C,0.0352088 unit increase
388,rs964184-G,0.15666 unit decrease
389,rs141469619-G,0.193613 unit decrease
390,rs11075253-A,0.0343297 unit increase
391,rs3764261-A,0.0619124 unit decrease
392,rs2925979-T,0.0332078 unit decrease
393,rs72836561-T,0.0877949 unit decrease
394,rs1801689-C,0.132897 unit increase
395,rs77542162-G,0.147016 unit increase
396,rs73015020-A,0.0739202 unit decrease
397,rs28807203-C,0.0701994 unit decrease
398,rs147711004-A,0.0864829 unit increase
399,rs7412-T,0.267671 unit decrease
400,rs2618566-G,0.0344957 unit increase
401,rs481069-G,0.0584263 unit decrease
402,rs1260326-T,0.078572 unit decrease
403,rs1128249-T,0.0385233 unit increase
404,rs13423088-A,0.0421594 unit increase
405,rs3936510-T,0.0457579 unit decrease
406,rs28752510-A,0.037339 unit decrease
407,rs4711750-A,0.0285365 unit decrease
408,rs117733303-G,0.306262 unit increase
409,rs10455872-G,0.225483 unit increase
410,rs73596816-A,0.109502 unit increase
411,rs4722551-C,0.0436756 unit increase
412,rs13234131-G,0.111607 unit increase
413,rs325-C,0.134738 unit increase
414,rs72647336-A,0.0650258 unit decrease
415,rs4336630-T,0.0472268 unit decrease
416,rs2519093-T,0.0635767 unit increase
417,rs7896518-G,0.0362299 unit increase
418,rs174537-T,0.0621922 unit decrease
419,rs12419237-C,0.032451 unit increase
420,rs2229738-T,0.0598253 unit decrease
421,rs964184-G,0.146562 unit decrease
422,rs144018203-C,0.178381 unit decrease
423,rs139974673-C,0.118457 unit decrease
424,rs1601935-G,0.0477847 unit increase
425,rs1800588-T,0.0608781 unit increase
426,rs11591147-T,0.215307 unit decrease
427,rs7534572-C,0.0407654 unit increase
428,rs12740374-T,0.0510047 unit decrease
429,rs10096633-T,0.0978017 unit decrease
430,rs2721961-G,0.0358362 unit decrease
431,rs112875651-A,0.0841695 unit decrease
432,rs115478735-T,0.0623873 unit increase
433,rs964184-G,0.130052 unit increase
434,rs12804228-G,0.0617085 unit increase
435,rs11854242-T,0.0326986 unit decrease
436,rs261290-T,0.0775516 unit increase
437,rs633695-G,0.055688 unit increase
438,rs821840-G,0.114657 unit decrease
439,rs3794695-T,0.0486142 unit increase
440,rs77542162-G,0.129929 unit increase
441,rs72631343-G,0.0459622 unit decrease
442,rs73015024-T,0.143553 unit decrease
443,rs2738447-A,0.0327464 unit decrease
444,rs58542926-T,0.104022 unit decrease
445,rs28807203-C,0.0707957 unit decrease
446,rs10410835-T,0.0317385 unit decrease
447,rs112019714-C,0.143561 unit increase
448,rs1065853-T,0.256465 unit decrease
449,rs1883711-C,0.136207 unit increase
450,rs4810479-C,0.0336245 unit increase
451,rs11591147-T,0.267991 unit decrease
452,rs7534572-C,0.0528813 unit decrease
453,rs12740374-T,0.0972029 unit decrease
454,rs10864726-C,0.0306954 unit increase
455,rs822928-A,0.0297128 unit decrease
456,rs1318004-C,0.0339484 unit increase
457,rs693-G,0.104327 unit decrease
458,rs4665972-T,0.0568262 unit increase
459,rs4299376-G,0.0414134 unit increase
460,rs2343681-G,0.0366651 unit decrease
461,rs1471251-T,0.0305752 unit increase
462,rs12916-C,0.0511001 unit increase
463,rs4704834-A,0.0484532 unit decrease
464,rs11755689-G,0.0524236 unit increase
465,rs146203232-T,0.0710176 unit increase
466,rs9295128-T,0.140303 unit decrease
467,rs55747707-A,0.0451387 unit decrease
468,rs144503444-C,0.122091 unit increase
469,rs673335-C,0.0390453 unit decrease
470,rs4307732-A,0.0484013 unit increase
471,rs597808-A,0.0308767 unit decrease
472,rs1169294-A,0.0344796 unit increase
473,rs261290-T,0.0701549 unit increase
474,rs633695-G,0.0534956 unit increase
475,rs11644601-C,0.0316755 unit increase
476,rs72836561-T,0.096452 unit decrease
477,rs12452315-C,0.028496 unit increase
478,rs77542162-G,0.158039 unit increase
479,rs77960347-G,0.157463 unit increase
480,rs7241918-G,0.0377493 unit decrease
481,rs73013176-C,0.151537 unit decrease
482,rs12151108-A,0.148084 unit decrease
483,rs58542926-T,0.0813429 unit decrease
484,rs111278137-A,0.11594 unit decrease
485,rs62117160-A,0.352976 unit decrease
486,rs147711004-A,0.123033 unit increase
487,rs7254892-A,0.472446 unit decrease
488,rs118170342-C,0.115558 unit increase
489,rs1883711-C,0.0955253 unit increase
490,rs11591147-T,0.32773 unit decrease
491,rs472495-G,0.0313657 unit decrease
492,rs11206517-G,0.0888247 unit increase
493,rs12740374-T,0.092147 unit decrease
494,rs2642438-A,0.0373707 unit decrease
495,rs562338-A,0.100471 unit decrease
496,rs4299376-G,0.0461548 unit increase
497,rs3843480-C,0.0561109 unit increase
498,rs7773004-A,0.0321601 unit decrease
499,rs3798167-T,0.0378342 unit decrease
